"id","username","email","password","created_at"
"1","nouveau_user","email@example.com","*6BB4837EB74329105EE4568DDA7DC67ED2CA2AD9","2026-01-20 22:19:39"
"3","user_20260120_223432","email_20260120_223432@example.com","*6BB4837EB74329105EE4568DDA7DC67ED2CA2AD9","2026-01-20 22:34:32"
"6","user_20260120_223728","email_20260120_223728@example.com","*6BB4837EB74329105EE4568DDA7DC67ED2CA2AD9","2026-01-20 22:37:28"
"8","user1","user1@example.com","*668425423DB5193AF921380129F465A6425216D0","2026-01-20 22:41:26"
"9","user2","user2@example.com","*DC52755F3C09F5923046BD42AFA76BD1D80DF2E9","2026-01-20 22:41:26"
"10","user3","user3@example.com","*40C3E7D386A2FADBDF69ACEBE7AA4DC3C723D798","2026-01-20 22:41:26"
"11","admin","admin@example.com","*01A6717B58FF5C7EAFFF6CB7C96F7428EA65FE4C","2026-01-20 22:41:26"
"12","john_doe","john@example.com","*5B415270CB07D276A803ED335E9C9567B133D92A","2026-01-20 22:41:26"
"13","jane_smith","jane@example.com","*C831D376021277A35484315BB7E235D336681EE5","2026-01-20 22:41:26"
"15","new_user_test","newtest@example.com","*676243218923905CF94CB52A3C9D3EB30CE8E20D","2026-01-20 22:41:27"
